name,mbid,url,image_small,image
Bob Dylan,72c536dc-7137-4477-a521-567eeb840fa8,https://www.last.fm/music/Bob+Dylan,https://lastfm.freetls.fastly.net/i/u/34s/2a96cbd8b46e442fc41c2b86b821562f.png,https://lastfm.freetls.fastly.net/i/u/64s/2a96cbd8b46e442fc41c2b86b821562f.png
Bob Marley & The Wailers,ed2ac1e9-d51d-4eff-a2c2-85e81abd6360,https://www.last.fm/music/Bob+Marley+&+The+Wailers,https://lastfm.freetls.fastly.net/i/u/34s/2a96cbd8b46e442fc41c2b86b821562f.png,https://lastfm.freetls.fastly.net/i/u/64s/2a96cbd8b46e442fc41c2b86b821562f.png
Bob Marley,ed2ac1e9-d51d-4eff-a2c2-85e81abd6360,https://www.last.fm/music/Bob+Marley,https://lastfm.freetls.fastly.net/i/u/34s/2a96cbd8b46e442fc41c2b86b821562f.png,https://lastfm.freetls.fastly.net/i/u/64s/2a96cbd8b46e442fc41c2b86b821562f.png
Bombay Bicycle Club,0ae49abe-d6af-44fa-8ab0-b9ace5690e6f,https://www.last.fm/music/Bombay+Bicycle+Club,https://lastfm.freetls.fastly.net/i/u/34s/2a96cbd8b46e442fc41c2b86b821562f.png,https://lastfm.freetls.fastly.net/i/u/64s/2a96cbd8b46e442fc41c2b86b821562f.png
Booba,785c0e9c-89f6-4bf4-8296-443a46632d62,https://www.last.fm/music/Booba,https://lastfm.freetls.fastly.net/i/u/34s/2a96cbd8b46e442fc41c2b86b821562f.png,https://lastfm.freetls.fastly.net/i/u/64s/2a96cbd8b46e442fc41c2b86b821562f.png
Bomb the Music Industry!,deaddf4e-1209-4d93-bb75-f53780d1c0c4,https://www.last.fm/music/Bomb+the+Music+Industry%21,https://lastfm.freetls.fastly.net/i/u/34s/2a96cbd8b46e442fc41c2b86b821562f.png,https://lastfm.freetls.fastly.net/i/u/64s/2a96cbd8b46e442fc41c2b86b821562f.png
Bob Seger,aeea3060-05ba-4dda-8c92-3dc899e24ce8,https://www.last.fm/music/Bob+Seger,https://lastfm.freetls.fastly.net/i/u/34s/2a96cbd8b46e442fc41c2b86b821562f.png,https://lastfm.freetls.fastly.net/i/u/64s/2a96cbd8b46e442fc41c2b86b821562f.png
Bob Sinclar,f9ab44f1-7b19-4ecb-830c-403abcf36cd1,https://www.last.fm/music/Bob+Sinclar,https://lastfm.freetls.fastly.net/i/u/34s/2a96cbd8b46e442fc41c2b86b821562f.png,https://lastfm.freetls.fastly.net/i/u/64s/2a96cbd8b46e442fc41c2b86b821562f.png
Bobby Darin,1f223eed-aa38-49da-9e76-62ab3adc2e04,https://www.last.fm/music/Bobby+Darin,https://lastfm.freetls.fastly.net/i/u/34s/2a96cbd8b46e442fc41c2b86b821562f.png,https://lastfm.freetls.fastly.net/i/u/64s/2a96cbd8b46e442fc41c2b86b821562f.png
BTOB,7728b64d-8925-4a1c-b684-a88c6194a241,https://www.last.fm/music/BTOB,https://lastfm.freetls.fastly.net/i/u/34s/2a96cbd8b46e442fc41c2b86b821562f.png,https://lastfm.freetls.fastly.net/i/u/64s/2a96cbd8b46e442fc41c2b86b821562f.png
Bobby Womack,48e78462-2f0b-4a1a-9fa4-0585e2991e80,https://www.last.fm/music/Bobby+Womack,https://lastfm.freetls.fastly.net/i/u/34s/2a96cbd8b46e442fc41c2b86b821562f.png,https://lastfm.freetls.fastly.net/i/u/64s/2a96cbd8b46e442fc41c2b86b821562f.png
Bobby Helms,502b3244-0f7d-470c-99e9-b17fe6bcaabf,https://www.last.fm/music/Bobby+Helms,https://lastfm.freetls.fastly.net/i/u/34s/2a96cbd8b46e442fc41c2b86b821562f.png,https://lastfm.freetls.fastly.net/i/u/64s/2a96cbd8b46e442fc41c2b86b821562f.png
Bob Moses,2a047ec5-84a2-4616-ae24-bd28f66a9960,https://www.last.fm/music/Bob+Moses,https://lastfm.freetls.fastly.net/i/u/34s/2a96cbd8b46e442fc41c2b86b821562f.png,https://lastfm.freetls.fastly.net/i/u/64s/2a96cbd8b46e442fc41c2b86b821562f.png
Bobby Shmurda,4ec3b7d8-efbb-4672-8067-5e72bd8dba3e,https://www.last.fm/music/Bobby+Shmurda,https://lastfm.freetls.fastly.net/i/u/34s/2a96cbd8b46e442fc41c2b86b821562f.png,https://lastfm.freetls.fastly.net/i/u/64s/2a96cbd8b46e442fc41c2b86b821562f.png
Bomba Est√©reo,aea8576d-7ad5-4430-bf2e-63725d80f05c,https://www.last.fm/music/Bomba+Est%C3%A9reo,https://lastfm.freetls.fastly.net/i/u/34s/2a96cbd8b46e442fc41c2b86b821562f.png,https://lastfm.freetls.fastly.net/i/u/64s/2a96cbd8b46e442fc41c2b86b821562f.png
The Brobecks,08a013b1-f521-457c-8b8a-149051cb52b5,https://www.last.fm/music/The+Brobecks,https://lastfm.freetls.fastly.net/i/u/34s/2a96cbd8b46e442fc41c2b86b821562f.png,https://lastfm.freetls.fastly.net/i/u/64s/2a96cbd8b46e442fc41c2b86b821562f.png
Bobby Caldwell,139a00a8-6b21-47c3-9315-60ac5ab2c715,https://www.last.fm/music/Bobby+Caldwell,https://lastfm.freetls.fastly.net/i/u/34s/2a96cbd8b46e442fc41c2b86b821562f.png,https://lastfm.freetls.fastly.net/i/u/64s/2a96cbd8b46e442fc41c2b86b821562f.png
Bobby McFerrin,a996b5bd-db99-4257-b036-336f63448aa2,https://www.last.fm/music/Bobby+McFerrin,https://lastfm.freetls.fastly.net/i/u/34s/2a96cbd8b46e442fc41c2b86b821562f.png,https://lastfm.freetls.fastly.net/i/u/64s/2a96cbd8b46e442fc41c2b86b821562f.png
bob hund,35e991b9-abf7-41dc-ab0e-0ca947463808,https://www.last.fm/music/bob+hund,https://lastfm.freetls.fastly.net/i/u/34s/2a96cbd8b46e442fc41c2b86b821562f.png,https://lastfm.freetls.fastly.net/i/u/64s/2a96cbd8b46e442fc41c2b86b821562f.png
Sex Bob-Omb,e4ab476e-dcf4-47a0-a8c5-f23691a5be97,https://www.last.fm/music/Sex+Bob-Omb,https://lastfm.freetls.fastly.net/i/u/34s/2a96cbd8b46e442fc41c2b86b821562f.png,https://lastfm.freetls.fastly.net/i/u/64s/2a96cbd8b46e442fc41c2b86b821562f.png
Bobby Vinton,f37f26ea-6a9a-49b8-9614-bdad762f1ba6,https://www.last.fm/music/Bobby+Vinton,https://lastfm.freetls.fastly.net/i/u/34s/2a96cbd8b46e442fc41c2b86b821562f.png,https://lastfm.freetls.fastly.net/i/u/64s/2a96cbd8b46e442fc41c2b86b821562f.png
Bobby,de69e711-bc6b-49b2-a826-92006936ada4,https://www.last.fm/music/Bobby,https://lastfm.freetls.fastly.net/i/u/34s/2a96cbd8b46e442fc41c2b86b821562f.png,https://lastfm.freetls.fastly.net/i/u/64s/2a96cbd8b46e442fc41c2b86b821562f.png
Bobby Brown,d11f9c07-0eac-4a1f-a443-19cd0f63d5f0,https://www.last.fm/music/Bobby+Brown,https://lastfm.freetls.fastly.net/i/u/34s/2a96cbd8b46e442fc41c2b86b821562f.png,https://lastfm.freetls.fastly.net/i/u/64s/2a96cbd8b46e442fc41c2b86b821562f.png
Bob Seger & The Silver Bullet Band,aeea3060-05ba-4dda-8c92-3dc899e24ce8,https://www.last.fm/music/Bob+Seger+&+The+Silver+Bullet+Band,https://lastfm.freetls.fastly.net/i/u/34s/2a96cbd8b46e442fc41c2b86b821562f.png,https://lastfm.freetls.fastly.net/i/u/64s/2a96cbd8b46e442fc41c2b86b821562f.png
Bob Dylan and The Band,,https://www.last.fm/music/Bob+Dylan+and+The+Band,https://lastfm.freetls.fastly.net/i/u/34s/2a96cbd8b46e442fc41c2b86b821562f.png,https://lastfm.freetls.fastly.net/i/u/64s/2a96cbd8b46e442fc41c2b86b821562f.png
Bob Mould,d7f5305a-15fc-4af4-a61b-f6f45510cc8f,https://www.last.fm/music/Bob+Mould,https://lastfm.freetls.fastly.net/i/u/34s/2a96cbd8b46e442fc41c2b86b821562f.png,https://lastfm.freetls.fastly.net/i/u/64s/2a96cbd8b46e442fc41c2b86b821562f.png
Bolbbalgan4,,https://www.last.fm/music/Bolbbalgan4,https://lastfm.freetls.fastly.net/i/u/34s/2a96cbd8b46e442fc41c2b86b821562f.png,https://lastfm.freetls.fastly.net/i/u/64s/2a96cbd8b46e442fc41c2b86b821562f.png
DJ Bobo,4603ee86-4f73-471e-8fc7-4a26549ed119,https://www.last.fm/music/DJ+Bobo,https://lastfm.freetls.fastly.net/i/u/34s/2a96cbd8b46e442fc41c2b86b821562f.png,https://lastfm.freetls.fastly.net/i/u/64s/2a96cbd8b46e442fc41c2b86b821562f.png
Bob James,f4d2fc5a-cacb-47c8-b096-ee73864b1aa8,https://www.last.fm/music/Bob+James,https://lastfm.freetls.fastly.net/i/u/34s/2a96cbd8b46e442fc41c2b86b821562f.png,https://lastfm.freetls.fastly.net/i/u/64s/2a96cbd8b46e442fc41c2b86b821562f.png
"Bobby ""Blue"" Bland",66ebc271-6a26-4fe7-848b-f217da119d92,https://www.last.fm/music/Bobby+%22Blue%22+Bland,https://lastfm.freetls.fastly.net/i/u/34s/2a96cbd8b46e442fc41c2b86b821562f.png,https://lastfm.freetls.fastly.net/i/u/64s/2a96cbd8b46e442fc41c2b86b821562f.png